{"cameraMode":{"drawMode":0,"name":"Shaded","section":"Shading Mode"},"sceneLighting":true,"audioPlay":false,"sceneViewState":{"m_AlwaysRefresh":false,"showFog":true,"showSkybox":true,"showFlares":true,"showImageEffects":true,"showParticleSystems":true,"showVisualEffectGraphs":true,"m_FxEnabled":true},"in2DMode":false,"pivot":{"x":1.3359485864639283,"y":6.849510192871094,"z":-55.18320846557617},"rotation":{"x":0.17285101115703584,"y":0.05522586405277252,"z":-0.009707490913569928,"w":0.9833506345748901},"size":2.072697877883911,"orthographic":false}